accession,experiment
SRR9178443,SRX5951160
SRR9178282,SRX5950852
SRR9178282,SRX5950852
SRR9178319,SRX5950815
SRR9178319,SRX5950815
SRR9178149,SRX5950985
SRR9178149,SRX5950985
SRR9178102,SRX5951032
SRR9178102,SRX5951032
SRR9178361,SRX5950773
SRR9178361,SRX5950773
SRR9178217,SRX5950917
SRR9178217,SRX5950917
SRR9178144,SRX5950990
SRR9178144,SRX5950990
SRR9178095,SRX5951039
SRR9178095,SRX5951039
SRR9178535,SRX5951068
SRR9178535,SRX5951068
SRR9178534,SRX5951069
SRR9178534,SRX5951069
SRR9178375,SRX5950759
SRR9178375,SRX5950759
SRR9178145,SRX5950989
SRR9178145,SRX5950989
SRR9178367,SRX5950767
SRR9178367,SRX5950767
SRR9178476,SRX5951127
SRR9178476,SRX5951127
SRR9178196,SRX5950938
SRR9178196,SRX5950938
SRR9178504,SRX5951099
SRR9178504,SRX5951099
SRR9178339,SRX5950795
SRR9178339,SRX5950795
SRR9178373,SRX5950761
SRR9178373,SRX5950761
SRR9178154,SRX5950980
SRR9178154,SRX5950980
SRR9178456,SRX5951147
SRR9178456,SRX5951147
SRR9178079,SRX5951055
SRR9178079,SRX5951055
SRR9178506,SRX5951097
SRR9178506,SRX5951097
SRR9178494,SRX5951109
SRR9178494,SRX5951109
SRR9178143,SRX5950991
SRR9178143,SRX5950991
SRR9178490,SRX5951113
SRR9178490,SRX5951113
SRR9178362,SRX5950772
SRR9178362,SRX5950772
SRR9178528,SRX5951075
SRR9178528,SRX5951075
SRR9178119,SRX5951015
SRR9178119,SRX5951015
SRR9178230,SRX5950904
SRR9178230,SRX5950904
SRR9178369,SRX5950765
SRR9178369,SRX5950765
SRR9178160,SRX5950974
SRR9178160,SRX5950974
SRR9178460,SRX5951143
SRR9178460,SRX5951143
SRR9178501,SRX5951102
SRR9178501,SRX5951102
SRR9178118,SRX5951016
SRR9178118,SRX5951016
SRR9178092,SRX5951042
SRR9178092,SRX5951042
SRR9178404,SRX5951199
SRR9178404,SRX5951199
SRR9178089,SRX5951045
SRR9178089,SRX5951045
SRR9178530,SRX5951073
SRR9178530,SRX5951073
SRR9178356,SRX5950778
SRR9178356,SRX5950778
SRR9178096,SRX5951038
SRR9178096,SRX5951038
SRR9178479,SRX5951124
SRR9178479,SRX5951124
SRR9178101,SRX5951033
SRR9178101,SRX5951033
SRR9178223,SRX5950911
SRR9178223,SRX5950911
SRR9178291,SRX5950843
SRR9178291,SRX5950843
SRR9178445,SRX5951158
SRR9178445,SRX5951158
SRR9178288,SRX5950846
SRR9178288,SRX5950846
SRR9178219,SRX5950915
SRR9178219,SRX5950915
SRR9178330,SRX5950804
SRR9178330,SRX5950804
SRR9178314,SRX5950820
SRR9178314,SRX5950820
SRR9178274,SRX5950860
